{
  "times": [
    0.0,
    0.2,
    0.4,
    0.6000000000000001,
    0.8,
    1.0,
    1.2000000000000002,
    1.4000000000000001,
    1.6,
    1.8,
    2.0,
    2.2,
    2.4000000000000004,
    2.6,
    2.8000000000000003,
    3.0
  ],
  "entropies": [
    1.1102230246251564e-16,
    0.6797531482777339,
    1.2707595335319786,
    1.344638700250118,
    1.213161238128422,
    1.3125861768370206,
    1.1365599311337284,
    1.1920105653554707,
    1.4052613729669137,
    1.3960201694365169,
    1.387468592991554,
    1.2539412057576595,
    0.9211932625283774,
    0.6556463767132177,
    0.9286963122150043,
    1.2113563483639116
  ],
  "pattern_sites": [
    4,
    5,
    7,
    8
  ],
  "env_sites": [
    0,
    1,
    2,
    3,
    6
  ],
  "parameters": {
    "Nx": 3,
    "Ny": 3,
    "J_nn": 1.0,
    "J_defrag": 0.5,
    "mass": 0.1,
    "winding": 0,
    "pattern_type": "single_vortex"
  }
}