{
  "S_P": 1.211356348363912,
  "I_PE1": 1.4159875980019732,
  "I_PE2": 1.006725098725656,
  "ratio_E1": 1.1689273762542634,
  "ratio_E2": 0.8310726237455757,
  "monogamous": 