{
  "static": {
    "empty": {
      "E": 0.5,
      "N": 0.0
    },
    "one_skyrmion": {
      "E": 1.4795116128693564,
      "N": 1.1570857647621076,
      "E_per_N": 1.2786533703260434
    },
    "two_overlapping": {
      "E": 2.5235874727620686,
      "N": 2.341995005332681,
      "E_per_N": 1.0775375126829498
    },
    "two_separated": {
      "E": 0.803840125988794,
      "N": 0.45964223886136557,
      "E_per_N": 1.7488386793608914
    },
    "verdict": "FERMIONIC",
    "E_overlap_excess": -0.43543575297664416,
    "E_sep_excess": -2.1551830997499186,
    "energy_cost": 1.7197473467732747
  },
  "dynamic": {
    "times": [
      0.0,
      0.2,
      0.4,
      0.6000000000000001,
      0.8,
      1.0,
      1.2000000000000002,
      1.4000000000000001,
      1.6,
      1.8,
      2.0,
      2.2,
      2.4000000000000004,
      2.6,
      2.8000000000000003,
      3.0
    ],
    "energies": [
      2.5235874727620695,
      2.523587376287533,
      2.5235862636801225,
      2.523585665225309,
      2.5235855874721453,
      2.5235852375604315,
      2.5235849766011906,
      2.5235847682884676,
      2.523584340079102,
      2.5235839175319197,
      2.5235833238551075,
      2.523582979973012,
      2.5235824685787915,
      2.523581930809475,
      2.523581557047328,
      2.5235809940042735
    ],
    "verdict": "STABLE",
    "delta_E": -6.478757795136403e-06
  }
}