{
  "S_one": 2.2112136957959616,
  "S_two": 2.5385156195957723,
  "S_expected": 4.422427391591923,
  "compression_ratio": 0.5740095641642616,
  "result_type": "BOSONIC"
}