M,M_abs,E_Ising,E_defrag,E_total,E_bind,n_walls,var_M,Phi_max,Phi_var,sweep
0.59912109375,0.59912109375,-2880.0,753.6960614195038,-2126.303938580496,-753.6960614195038,1201,0.6410539150238037,8.387762141590493,8.502917110146242,0
0.0009765625,0.0009765625,-7704.0,174434.8961657146,166730.8961657146,-174434.89616571463,128,0.9999990463256836,128.10216098871487,8723.94498068425,500
-0.00048828125,0.00048828125,-7700.0,174410.93422643785,166710.93422643785,-174410.93422643785,128,0.9999996423721313,128.2641602629275,8722.794275632488,1000
-0.00048828125,0.00048828125,-7708.0,174437.37871943385,166729.37871943385,-174437.37871943382,128,0.9999996423721313,128.13140908365304,8723.991735058513,1500
0.0,0.0,-7720.0,174440.87695409317,166720.87695409317,-174440.87695409317,128,1.0,128.26376024275214,8724.084370349945,2000
