M,M_abs,E_Ising,E_defrag,E_total,E_bind,n_walls,var_M,Phi_max,Phi_var,sweep
0.5927734375,0.5927734375,-2820.0,760.2150648495442,-2059.7849351504556,-760.2150648495441,1218,0.6486196517944336,6.691861896481989,8.207569082961585,0
0.00048828125,0.00048828125,-7708.0,174435.786256962,166727.786256962,-174435.786256962,128,0.9999996423721313,128.0680873035151,8723.946334915156,500
-0.00244140625,0.00244140625,-7708.0,174439.73088349658,166731.73088349658,-174439.73088349658,128,0.9999939203262329,128.30805405124647,8724.060743322425,1000
-0.00146484375,0.00146484375,-7708.0,174436.21151203633,166728.21151203633,-174436.21151203636,128,0.9999977350234985,128.0987337928694,8723.950870965593,1500
-0.00146484375,0.00146484375,-7712.0,174438.19602410652,166726.19602410652,-174438.19602410652,128,0.9999977350234985,128.23167049772613,8724.016903848247,2000
