seed,final_M,final_M_abs,final_walls,final_E_bind,equil_M_mean,equil_M_std,equil_walls_mean,equil_walls_std,equil_E_bind_mean,equil_E_bind_std
42,0.0009765625,0.0009765625,128.0,-174437.0604931733,-0.00048828125,0.0020716018980074633,128.0,0.0,-174438.0613574372,1.4154358160819862
123,-0.0009765625,0.0009765625,128.0,-174437.00578721735,-0.000244140625,0.0010358009490037316,128.0,0.0,-174438.174119125,1.652270829158432
456,0.00048828125,0.00048828125,128.0,-174440.0078113088,0.000244140625,0.00034526698300124393,128.0,0.0,-174442.2873695392,3.2237821656235193
789,0.0,0.0,128.0,-174440.87695409317,-0.000244140625,0.00034526698300124393,128.0,0.0,-174439.1278367635,2.4736254498054064
1337,-0.00146484375,0.00146484375,128.0,-174438.19602410652,-0.00146484375,0.0,128.0,0.0,-174437.20376807143,1.4032619421600716
