M,M_abs,E_Ising,E_defrag,E_total,E_bind,n_walls,var_M,Phi_max,Phi_var,sweep
0.5746527910232544,0.5746527910232544,-1520.0,406.26537733701394,-1113.734622662986,-406.26537733701394,713,0.6697742342948914,5.229412221774977,5.68794526523809,0
-0.0052083334885537624,0.0052083334885537624,-4036.0,54647.24594292927,50611.24594292927,-54647.24757154411,96,0.9999728798866272,71.99714257179815,2736.0544393941886,500
0.0,0.0,-4040.0,54663.61842386954,50623.61842386954,-54663.61842386954,97,1.0,71.62358122162817,2736.919400618499,1000
0.0034722222480922937,0.0034722222480922937,-4032.0,54643.32395631078,50611.32395631078,-54643.32395631076,97,0.9999879002571106,71.84937961654485,2735.985467971031,1500
-0.0008680555620230734,0.0008680555620230734,-4048.0,54678.63969839924,50630.63969839924,-54678.63969839925,96,0.9999991655349731,71.78832341133568,2737.5047711917987,2000
