M,M_abs,E_Ising,E_defrag,E_total,E_bind,n_walls,var_M,Phi_max,Phi_var,sweep
0.599609375,0.599609375,-760.0,137.99395404905383,-622.0060459509461,-137.99395404905383,307,0.6404685974121094,3.1259947444989784,0.9891186590856617,0
0.0,0.0,2048.0,25.93822301243847,2073.9382230124384,-25.93822301243847,0,1.0,0.05066059182116889,0.002566495563671084,500
0.0,0.0,2048.0,25.93822301243847,2073.9382230124384,-25.93822301243847,0,1.0,0.05066059182116889,0.002566495563671084,1000
0.0,0.0,2048.0,25.93822301243847,2073.9382230124384,-25.93822301243847,0,1.0,0.05066059182116889,0.002566495563671084,1500
0.001953125,0.001953125,2040.0,26.885253428122283,2066.8852534281223,-26.885253428122287,2,0.9999961853027344,0.9976910075049868,0.01799842194458548,2000
