{
  "equil_sweep": 50,
  "fluctuations": {
    "M": {
      "mean": -0.0002197265625,
      "std": 0.0013235484539482227,
      "relative_std": 6.023613333444332,
      "min": -0.0029296875,
      "max": 0.00244140625,
      "range": 0.00537109375,
      "n_samples": 20,
      "drift": 3.7999984435206375,
      "autocorr_time": 1
    },
    "M_abs": {
      "mean": 0.0009521484375,
      "std": 0.0009452373380178682,
      "relative_std": 0.9927414692036621,
      "min": 0.0,
      "max": 0.0029296875,
      "range": 0.0029296875,
      "n_samples": 20,
      "drift": 0.14285712892517144,
      "autocorr_time": 1
    },
    "n_walls": {
      "mean": 128.0,
      "std": 0.0,
      "relative_std": 0.0,
      "min": 128,
      "max": 128,
      "range": 0,
      "n_samples": 20,
      "drift": 0.0,
      "autocorr_time": 20
    },
    "E_bind": {
      "mean": -173503.59913534633,
      "std": 56.40760295315308,
      "relative_std": 0.00032510912300528545,
      "min": -173592.09903446733,
      "max": -173411.61397803412,
      "range": 180.4850564332155,
      "n_samples": 20,
      "drift": 0.000276212703955301,
      "autocorr_time": 1
    }
  },
  "thermal": {
    "thermal_ratio": 0.13542018434092445,
    "gaussian_p_value": 0.4566097458986971,
    "is_thermal": true,
    "variance": 3181.817670920564,
    "thermal_scale": 416.5376323159125
  },
  "spectrum": {
    "freqs": [
      0.0,
      0.2,
      0.4
    ],
    "power": [
      5.238324623290102e-07,
      4.011951286835745e-06,
      3.7730283467802696e-06
    ],
    "slope": -0.08858114967107221,
    "r_squared": 1.0,
    "is_white": true
  },
  "interface": {
    "initial_walls": 128,
    "final_walls": 128,
    "mean_walls": 128.0,
    "std_walls": 0.0,
    "drift_rate": 0.0,
    "drift_p_value": NaN,
    "is_stable": true
  },
  "classification": "dynamic_equilibrium"
}