M,M_abs,E_Ising,E_defrag,E_total,E_bind,n_walls,var_M,Phi_max,Phi_var,sweep
0.60302734375,0.60302734375,-2972.0,987.7699904640544,-1984.2300095359456,-987.7699904640542,1203,0.6363580226898193,9.603573698275856,17.919263969679232,0
0.0009765625,0.0009765625,-7696.0,174407.8241273961,166711.8241273961,-174407.8241273961,128,0.9999990463256836,128.06666797107195,8722.66754840795,500
0.00048828125,0.00048828125,-7720.0,174439.95246715753,166719.95246715753,-174439.9524671575,128,0.9999996423721313,128.0715045550117,8724.02271614156,1000
0.00048828125,0.00048828125,-7716.0,174439.34245103266,166723.34245103266,-174439.34245103266,128,0.9999996423721313,127.981566609984,8724.061058593443,1500
-0.0009765625,0.0009765625,-7716.0,174437.00578721735,166721.00578721735,-174437.00578721735,128,0.9999990463256836,128.0258971326465,8723.960973540528,2000
