L,N_sites,final_M,final_M_abs,final_walls,final_E_bind,E_bind_per_site,walls_per_L,stripe_width_estimate
32,1024,0.001953125,0.001953125,2.0,-26.885253428122287,-0.02625513030090067,0.0625,32.0
48,2304,-0.0008680555620230734,0.0008680555620230734,96.0,-54678.63969839925,-23.732048480208007,2.0,1.0
64,4096,0.0009765625,0.0009765625,128.0,-174437.0604931733,-42.58717297196614,2.0,1.0
96,9216,0.00021701389050576836,0.00021701389050576836,192.0,-885094.9933365785,-96.03895327002805,2.0,1.0
