{
  "times": [
    0.0,
    0.1,
    0.2,
    0.30000000000000004,
    0.4,
    0.5,
    0.6000000000000001,
    0.7000000000000001,
    0.8,
    0.9,
    1.0,
    1.1,
    1.2000000000000002,
    1.3,
    1.4000000000000001,
    1.5,
    1.6,
    1.7000000000000002,
    1.8,
    1.9000000000000001,
    2.0,
    2.1,
    2.2,
    2.3000000000000003,
    2.4000000000000004,
    2.5,
    2.6,
    2.7,
    2.8000000000000003,
    2.9000000000000004,
    3.0
  ],
  "entropies": [
    -1.1102230246251571e-15,
    0.1633966580987798,
    0.459347926211108,
    0.7745453719595874,
    1.0653665972005335,
    1.3164379199093905,
    1.5252703441829862,
    1.6921238909255671,
    1.816970442708421,
    1.90131462332606,
    1.950569949796194,
    1.975900098843532,
    1.9851594791855454,
    1.9891858232343664,
    2.0078045701710927,
    2.0409204631004214,
    2.0691903147446418,
    2.083128916439672,
    2.0805667127338303,
    2.062656367624654,
    2.038210825095298,
    2.018178619000262,
    2.0077075608515087,
    2.0080808962259997,
    2.014774779485942,
    2.0223619691181547,
    2.029280822029,
    2.0346136980202543,
    2.0422536604288584,
    2.056518494192953,
    2.074359826560421
  ],
  "pattern_sites": [
    4,
    5,
    7,
    8
  ],
  "env_sites": [
    0,
    1,
    2,
    3,
    6
  ],
  "parameters": {
    "Nx": 3,
    "Ny": 3,
    "J_nn": 1.0,
    "J_defrag": 0.5,
    "mass": 0.1,
    "winding": 1,
    "pattern_type": "single_vortex",
    "t_max": 3.0,
    "dt": 0.1
  }
}