frame_index,time,id_local,x,y,radius,mass,peak_rho,mean_rho,area,n_pixels
2000,10.0,238,89.25,114.5,1.299038105676658,26.301637749423563,3.9923483130880495,3.2877047186779453,8.0,8
