M,M_abs,E_Ising,E_defrag,E_total,E_bind,n_walls,var_M,Phi_max,Phi_var,sweep
0.60595703125,0.60595703125,-3132.0,814.2977954428584,-2317.7022045571416,-814.2977954428583,1207,0.6328160762786865,7.317411906779495,6.069777597430887,0
0.0,0.0,-7712.0,174437.20919742173,166725.20919742173,-174437.20919742173,128,1.0,128.1094473692363,8723.972705888871,500
0.0,0.0,-7716.0,174439.59570196125,166723.59570196125,-174439.59570196125,128,1.0,128.03029884641924,8724.041553576026,1000
0.0,0.0,-7720.0,174444.56692776957,166724.56692776957,-174444.56692776957,128,1.0,128.35403379979735,8724.228446985784,1500
0.00048828125,0.00048828125,-7708.0,174440.00781130884,166732.00781130884,-174440.0078113088,128,0.9999996423721313,128.04989282432953,8724.084273437202,2000
