{
  "equil_sweep": 50,
  "fluctuations": {
    "M": {
      "mean": -0.000341796875,
      "std": 0.0006922581483768469,
      "relative_std": 2.025348961549022,
      "min": -0.00146484375,
      "max": 0.00146484375,
      "range": 0.0029296875,
      "n_samples": 20,
      "drift": 0.444444343308665,
      "autocorr_time": 1
    },
    "M_abs": {
      "mean": 0.0005859375,
      "std": 0.0005027163154778809,
      "relative_std": 0.8579690319888685,
      "min": 0.0,
      "max": 0.00146484375,
      "range": 0.00146484375,
      "n_samples": 20,
      "drift": 0.3999999453866741,
      "autocorr_time": 1
    },
    "n_walls": {
      "mean": 128.0,
      "std": 0.0,
      "relative_std": 0.0,
      "min": 128,
      "max": 128,
      "range": 0,
      "n_samples": 20,
      "drift": 0.0,
      "autocorr_time": 20
    },
    "E_bind": {
      "mean": -173847.43845688595,
      "std": 465.4470106619876,
      "relative_std": 0.0026773302775894387,
      "min": -174293.54184654806,
      "max": -172597.6978763797,
      "range": 1695.8439701683528,
      "n_samples": 20,
      "drift": 0.0008544387054690101,
      "autocorr_time": 1
    }
  },
  "thermal": {
    "thermal_ratio": 1.116313295745793,
    "gaussian_p_value": 0.013743337636648048,
    "is_thermal": true,
    "variance": 216640.91973418038,
    "thermal_scale": 416.9501630373658
  },
  "spectrum": {
    "freqs": [
      0.0,
      0.2,
      0.4
    ],
    "power": [
      9.917602036065768e-08,
      5.665065896974907e-07,
      1.2517846664951667e-06
    ],
    "slope": 1.1438217665553185,
    "r_squared": 1.0,
    "is_white": false
  },
  "interface": {
    "initial_walls": 128,
    "final_walls": 128,
    "mean_walls": 128.0,
    "std_walls": 0.0,
    "drift_rate": 0.0,
    "drift_p_value": NaN,
    "is_stable": true
  },
  "classification": "dynamic_equilibrium"
}