M,M_abs,E_Ising,E_defrag,E_total,E_bind,n_walls,var_M,Phi_max,Phi_var,sweep
0.6121962070465088,0.6121962070465088,-6796.0,1939.5961646269143,-4856.403835373086,-1939.596164626914,2673,0.6252158284187317,11.204646352725819,23.41898214223372,0
0.0,0.0,-18048.0,885117.3736029877,867069.3736029877,-885117.3736029877,192,1.0,287.916692125451,44252.81059240264,500
0.0,0.0,-18048.0,885117.3736029877,867069.3736029877,-885117.3736029877,192,1.0,287.916692125451,44252.81059240264,1000
0.0,0.0,-18048.0,885117.3736029877,867069.3736029877,-885117.3736029877,192,1.0,287.916692125451,44252.81059240264,1500
0.00021701389050576836,0.00021701389050576836,-18044.0,885095.0197144656,867051.0197144656,-885094.9933365785,192,0.9999998807907104,288.0006348041075,44251.83064734088,2000
