M,M_abs,E_Ising,E_defrag,E_total,E_bind,n_walls,var_M,Phi_max,Phi_var,sweep
0.59228515625,0.59228515625,-2792.0,1030.3430373163064,-1761.6569626836936,-1030.3430373163062,1213,0.6491982936859131,10.682110663796502,16.82281630655946,0
-0.00146484375,0.00146484375,-7700.0,174436.31209075573,166736.31209075573,-174436.31209075573,128,0.9999977350234985,128.13030836212707,8724.005502136777,500
0.0009765625,0.0009765625,-7716.0,174443.21062797966,166727.21062797966,-174443.21062797966,128,0.9999990463256836,128.00936408365013,8724.260657261737,1000
-0.001953125,0.001953125,-7716.0,174439.06222170108,166723.06222170108,-174439.06222170108,128,0.9999961853027344,128.17374070766132,8724.005190826523,1500
0.0009765625,0.0009765625,-7712.0,174437.0604931733,166725.0604931733,-174437.0604931733,128,0.9999990463256836,128.0261065597924,8723.95629674665,2000
