{
  "times": [
    0.0,
    0.2,
    0.4,
    0.6000000000000001,
    0.8,
    1.0,
    1.2000000000000002,
    1.4000000000000001,
    1.6,
    1.8,
    2.0,
    2.2,
    2.4000000000000004,
    2.6,
    2.8000000000000003,
    3.0
  ],
  "entropies": [
    -2.442490654175347e-15,
    0.4627934963463158,
    1.0706515570897073,
    1.529443697695601,
    1.8190619834721276,
    1.947413052021499,
    1.9723491957258523,
    1.9922266583085837,
    2.049550942076885,
    2.0576778302780827,
    2.0136635425713676,
    1.966865269222674,
    1.9608684813019295,
    1.9793030857426417,
    1.996710068375111,
    2.0310715119730967
  ],
  "pattern_sites": [
    4,
    5,
    7,
    8
  ],
  "env_sites": [
    0,
    1,
    2,
    3,
    6
  ],
  "parameters": {
    "Nx": 3,
    "Ny": 3,
    "J_nn": 1.0,
    "J_defrag": 0.5,
    "mass": 0.1,
    "winding": 1,
    "pattern_type": "single_vortex"
  }
}