{
  "S_P": 2.0310715119730967,
  "I_PE1": 2.4833068564811693,
  "I_PE2": 1.5788361674648788,
  "ratio_E1": 1.2226585040665288,
  "ratio_E2": 0.7773414959333996,
  "monogamous": 